cohort_month,pct_at_risk_or_churned
2016-09,100.0
2016-10,97.7
2016-12,100.0
2017-01,97.80000000000001
2017-02,98.9
2017-03,98.69999999999999
2017-04,98.80000000000001
2017-05,98.4
2017-06,98.1
2017-07,98.1
2017-08,98.0
2017-09,98.1
2017-10,98.1
2017-11,98.30000000000001
2017-12,15.1
